Selinda,Gernier,2013-03-01,1,1
Bryn,Brigge,2016-12-16,2,2
Kylie,Jendas,2018-09-04,1,1
Carmine,Clinton,2014-05-31,2,2
La verne,Gascoyne,2017-09-28,2,3
Fey,Skaife,2011-08-09,1,1
Lynea,Skahill,2016-04-06,2,3
Eula,Snewin,2011-09-05,1,3
Luisa,Blaase,2014-12-13,1,3
Cozmo,Creed,2014-10-04,2,3
Derry,Gearing,2016-10-05,1,1
Donny,Farlham,2018-08-05,1,1
Mychal,Ellingworth,2017-09-10,1,1
Vinnie,Growcott,2010-12-21,1,3
Salaidh,Klyn,2018-11-15,1,3
Celka,Tuhy,2019-09-02,1,3
Madelon,Santorini,2019-12-31,2,2
Tabatha,Assante,2016-04-18,1,3
Krispin,Surfleet,2016-05-24,1,1
Pernell,Gowman,2017-07-01,1,2
Karita,Brotherhead,2016-11-09,2,1
Barbabas,Chaffer,2016-05-14,1,3
Shari,Barltrop,2013-07-10,1,3
Morgun,Hathwood,2013-12-03,2,1
Storm,Fettiplace,2018-04-11,1,2
Mozelle,Borge,2018-06-11,2,1
Briant,Geerdts,2019-11-08,2,1
Sonny,Baroux,2016-06-14,1,1
Guillaume,Fearnyhough,2018-10-03,1,3
Kristos,Hagart,2016-09-22,1,1
Lorene,Cabena,2015-03-05,1,3
Harriet,Harraway,2019-09-20,2,2
Darill,Cokly,2014-10-12,2,2
Porty,Laven,2017-10-06,2,2
Darelle,Ferrea,2012-07-30,2,2
Amata,Hosby,2017-11-06,2,3
Regen,Jeandet,2016-08-15,2,2
Gracia,Gilchriest,2011-11-02,1,2
Harry,Scranny,2013-08-23,2,3
Erasmus,Niezen,2011-07-17,2,2
Edik,Deftie,2010-11-25,2,2
Jody,Dmitr,2013-06-16,1,1
Cecilla,Minghi,2016-02-14,1,3
Klarrisa,Bellerby,2010-10-22,2,2
Alexio,Eyden,2016-04-10,1,1
Berty,Kinnin,2010-05-02,1,2
Perrine,Pogg,2017-05-04,2,1
Kania,McCarle,2017-03-13,1,1
Seamus,Grandisson,2017-01-21,2,1
Sadye,Benezeit,2012-01-30,2,2
Kathryn,Ailmer,2014-06-01,2,1
Rogerio,Jellyman,2015-08-03,1,3
Florella,Pendrid,2011-08-09,1,3
Fancy,Zelake,2019-05-04,1,1
Silvan,Abbess,2017-09-08,2,2
Erin,Norfolk,2010-10-23,2,2
Darrick,Antognelli,2015-06-10,2,2
Leeann,Lewisham,2010-04-22,2,2
Kirby,Costain,2019-06-02,1,3
Scarlet,Gaish,2015-03-15,2,3
Briant,Keaysell,2014-06-25,2,1
Giana,Kantor,2015-08-04,1,1
Horace,Priestnall,2013-08-06,2,2
Cynthie,McCarly,2019-03-08,2,3
Nobie,Seyler,2013-12-20,2,3
Dalston,Daleman,2014-10-07,2,1
Kenyon,Jansa,2016-08-09,1,1
Grannie,Lempenny,2013-12-24,1,3
Saul,Lob,2019-07-20,2,3
Waldemar,Lantaph,2018-11-06,2,1
Kit,MacGilfoyle,2018-05-18,1,2
Gizela,Stanley,2017-04-23,2,3
Matias,Horrigan,2017-04-01,2,1
Joel,Hardaker,2014-10-18,2,3
Linc,Adolthine,2010-03-21,1,3
Emily,Walkey,2014-06-13,1,2
Dolly,Frew,2018-07-12,1,2
Lorrin,Ellyatt,2019-03-19,2,3
Ilyssa,Sivior,2014-09-08,2,3
Kellby,Lankham,2018-12-26,1,2
Merline,Maidens,2010-11-20,1,1
Venus,Kernermann,2012-07-03,1,2
Stinky,Rival,2012-01-26,1,2
Faustine,Jamme,2019-02-01,2,2
Elisabetta,Vynehall,2010-04-22,1,3
Kellsie,Exposito,2018-08-29,2,3
Estella,Whitticks,2013-05-14,2,3
Olivette,Perceval,2019-06-02,2,3
Tammi,de Guise,2019-02-25,2,1
Bonnibelle,Godsmark,2016-05-30,2,2
Tressa,Hindmore,2013-12-13,1,3
Luciano,McCaskill,2017-05-10,2,3
Jessa,de Guerre,2016-01-14,1,3
Pate,Belk,2014-06-07,1,2
Sascha,Rankine,2017-12-18,2,1
Diane-marie,Lambie,2011-04-22,2,3
Sapphira,Brauns,2013-08-10,1,2
Cristiano,Roderighi,2010-08-07,2,1
Birdie,Vaadeland,2016-07-09,2,3
Guss,Ghirardi,2015-06-06,1,1
Sukey,Sheard,2018-01-23,2,1
Nataniel,Beat,2011-10-11,2,3
Sigfried,Bradtke,2011-11-01,1,3
Odelle,Kleinsmuntz,2016-03-27,2,3
Holli,O'Criane,2017-09-09,2,2
Adena,Towse,2014-11-09,1,2
Gwenny,Colquyte,2012-04-11,2,2
Rosina,Polsin,2012-04-28,1,3
Vally,Torrisi,2012-04-25,1,3
Kaine,Meekings,2017-03-23,2,1
Wynny,Vinten,2012-08-22,2,2
Wynn,Sprade,2019-02-27,1,3
Cecilius,Ibbett,2013-01-26,1,1
Charlton,Eisikowitch,2015-08-02,1,1
Rex,Addekin,2010-07-07,1,3
Welch,Floodgate,2012-02-26,1,2
Lynna,Helwig,2013-03-07,1,1
Cahra,Benettelli,2018-06-13,2,2
Meyer,Laffin,2016-07-29,1,2
Glennie,Dark,2012-02-24,1,3
Ricoriki,Coombes,2013-06-07,1,1
Prudence,Georgi,2017-07-27,1,2
Prince,Saylor,2015-10-12,1,2
Pattie,Blunden,2017-08-22,1,2
Theadora,Dilks,2018-01-02,1,1
Tremain,Sergeant,2019-06-12,1,3
Cale,Kindley,2011-07-31,2,3
Lanita,Babb,2013-01-22,2,3
Woodrow,Grimmert,2015-05-25,2,2
Jayme,Szwarc,2018-11-25,2,2
Joelly,McDougle,2018-08-11,2,3
Charmion,Wildash,2020-01-19,1,2
Mufi,Haccleton,2013-10-14,1,2
Tisha,Sanger,2016-06-04,2,1
Rozamond,Potell,2014-09-21,1,3
Ignatius,Carragher,2012-01-14,2,2
Natal,De Benedictis,2012-12-26,2,1
Nealon,Gerrans,2012-03-22,2,1
Brent,Laurenz,2013-09-21,1,2
Davida,Brittian,2012-05-10,2,2
Angeline,MacCoughan,2017-09-03,1,1
Meryl,Grendon,2012-02-19,2,2
Jeramie,Tarplee,2018-01-09,1,1
Geno,Ferrucci,2014-03-03,1,1
Rosanna,Hakey,2012-04-17,2,1
Harland,Wickman,2010-07-27,1,3
Myrvyn,Jobes,2010-06-13,1,2
Felic,Gaskarth,2014-12-23,1,1
Kissee,Worthy,2016-05-31,2,3
Enrichetta,Ferriere,2019-01-19,2,3
Jolee,Kennermann,2018-03-31,1,1
Claudine,D'Souza,2019-04-21,1,3
Brent,Norcott,2019-02-18,2,3
Carlotta,Dulinty,2018-06-21,1,1
Catlaina,Delgaty,2018-12-17,1,3
Pepi,Begwell,2011-10-07,1,3
Jacinda,Longbothom,2019-11-25,2,3
Barth,Slayton,2016-09-09,2,3
Roley,Billin,2017-05-26,2,2
Venita,Saltmarsh,2017-06-27,1,3
Irwin,Crunden,2010-02-08,1,1
Hertha,Kubin,2011-11-01,1,1
Tallou,O'Logan,2018-09-18,1,1
Dru,Pane,2013-01-16,2,1
Raynell,Shuxsmith,2019-04-10,2,3
Edi,Poolton,2012-05-28,2,2
Marjy,Welsh,2016-06-04,1,3
Denys,Radband,2010-07-04,1,3
Beatrisa,Ferrillio,2017-05-17,1,2
Demott,Turl,2016-01-08,1,1
Tandy,Izatt,2017-02-01,2,3
Lynsey,Schott,2014-05-05,1,1
Aldrich,Raubenheim,2018-05-10,1,2
Mellicent,Eilles,2018-02-28,2,1
Sascha,Normand,2012-09-15,1,3
Myrwyn,Dranfield,2016-07-09,1,3
Westbrook,Eldon,2015-05-08,2,2
De witt,Olech,2010-07-31,1,1
Odelia,Fillis,2011-02-26,1,3
Kathryne,Chalice,2012-03-18,1,2
Vaughan,Mountstephen,2018-07-31,1,1
Verla,Cass,2019-06-30,1,2
Llewellyn,Cromly,2019-05-19,1,1
Hayley,Curgenuer,2019-10-21,1,1
Mandi,De Malchar,2010-12-11,1,2
Teddy,Owlner,2015-10-05,1,3
Rollie,Heephy,2019-05-04,2,3
Carma,Midghall,2012-06-21,1,3
Lindy,Abendroth,2011-12-05,1,1
Piggy,Aldridge,2016-12-27,1,1
Conrade,Duddy,2015-09-11,1,1
Townie,Capp,2018-01-05,1,2
Hollyanne,Kundt,2016-10-30,2,1
Teddie,Vardon,2015-03-19,1,2
Marleah,Rignall,2013-08-16,1,2
Abran,Kirimaa,2016-12-12,2,3
Aurthur,Eye,2019-06-29,2,3
Yvonne,Abdey,2011-05-10,1,2
Nealon,Hawken,2018-09-07,1,3
Addi,Scedall,2017-12-13,2,1
Sylvan,Gronow,2013-09-18,2,1
Suzy,McHugh,2019-08-07,2,3
Ema,Wolfit,2011-10-07,2,3
Pinchas,Fiorentino,2016-03-07,2,2
Inglebert,Clubb,2015-02-05,1,3
Milo,Althorpe,2012-11-14,2,3
Beryle,Sprouls,2019-11-26,2,1
Gaston,Bearward,2017-05-01,1,3
Padraic,Hischke,2020-01-16,2,1
Morgen,Fremantle,2014-09-24,1,2
Boothe,Sustins,2012-09-01,1,3
Dierdre,Millson,2014-05-24,1,3
Alicea,Glyde,2015-04-03,1,1
Hamish,Viger,2011-07-24,1,1
Harriot,Linfield,2020-01-07,1,2
Marya,Pateman,2015-10-20,1,1
Nannette,O'Luby,2016-01-05,2,2
Dore,Poolman,2014-05-01,1,3
Clark,Neligan,2017-08-04,1,3
Innis,Courtier,2018-10-22,2,2
Georgine,Pinchback,2012-01-30,1,2
Stanislaw,Gartenfeld,2017-01-30,1,2
Kristal,Balaisot,2019-02-07,2,2
Cristy,Clausewitz,2016-12-07,2,2
Bert,Colly,2012-11-30,2,2
Sheelagh,Dury,2019-03-02,2,3
Brita,Andries,2016-02-22,2,3
Sheppard,Baniard,2015-02-08,2,1
Anissa,Woan,2018-11-28,2,1
Brook,Marchi,2011-02-18,1,1
Rex,Goldsmith,2018-06-15,1,1
Timmie,Thody,2011-10-19,1,3
Teodoor,Gilleon,2011-06-17,1,2
Berton,Norcop,2015-02-25,1,2
Alasteir,Chorley,2019-08-31,2,1
Shirlee,Deveril,2017-05-11,2,3
Evita,Glaisner,2013-09-16,1,2
Moss,Puddefoot,2015-09-08,2,1
Georgette,Castaner,2014-04-08,1,1
Tony,Volcker,2013-11-19,2,1
Daphna,Fifield,2018-08-03,1,2
Haskel,Clandillon,2011-11-13,2,2
Brittne,Cromar,2016-04-11,1,2
Bride,Delicate,2016-09-29,2,1
Bernardina,Tynemouth,2012-06-08,1,2
Charita,Stichel,2013-03-22,2,2
Claiborn,Alison,2014-07-04,1,2
Cathleen,Dener,2014-05-17,1,2
Charlotta,Peret,2019-02-26,2,3
Ferrell,Mettrick,2016-08-14,1,3
Lisa,Verdon,2011-04-04,1,1
Vicki,Capron,2018-06-19,2,2
Erek,Motte,2019-06-30,1,2
Zorah,Broadberry,2014-07-23,2,2
Jarret,Zavattero,2015-03-27,2,3
Madella,Epp,2012-12-23,1,1
Kassia,Cattenach,2010-08-27,2,3
Adelice,Harses,2012-02-22,2,2
Tera,De Nisco,2018-03-19,2,2
Orazio,Olding,2019-08-28,2,2
Hildy,Colhoun,2018-05-03,1,2
Emmery,Goter,2017-10-11,1,1
Gilbertine,Shorrock,2013-01-24,1,1
Valenka,Rimell,2015-09-16,1,2
Dudley,Simounet,2018-12-08,2,2
Cindelyn,Herche,2016-12-04,2,2
Nelson,Croux,2017-06-22,1,1
Emelda,Gannaway,2010-04-23,1,2
Hillie,Eastabrook,2010-08-30,2,3
Natka,Rulton,2010-07-28,1,1
Gale,Hinder,2019-04-16,2,2
Shela,Tax,2014-04-03,2,3
Edithe,Addinall,2010-08-12,1,3
Callida,Licquorish,2016-09-04,2,1
Rockwell,Hanlin,2012-04-23,1,1
Dorey,Layland,2014-02-14,2,1
Jaymee,Celand,2017-04-09,2,1
Cchaddie,Rylands,2013-10-12,2,1
Zelma,Raitt,2018-11-27,2,2
Nadine,Herrema,2014-05-12,1,2
Steffi,Trustie,2018-11-23,2,2
Wynn,Randles,2016-08-13,1,2
Ignatius,Scouler,2019-01-13,1,1
Odo,Matonin,2016-08-10,1,2
Brandice,Kimbley,2011-04-18,1,3
Griselda,Richarz,2016-03-21,2,2
Luce,Wonham,2011-04-04,1,1
Mycah,Jameson,2019-06-11,1,3
Kinnie,Detheridge,2013-09-23,1,3
Nap,Royce,2014-01-15,1,2
Gustav,Dibben,2011-07-25,1,2
Mireille,De Santos,2018-01-03,2,3
Stefa,Ygo,2017-11-03,2,1
Adriano,Heardman,2015-03-15,2,1
Selig,Donaldson,2014-12-13,1,2
Ellette,Simoens,2014-08-12,1,1
Goldina,Theobald,2013-05-20,1,1
Betta,Coulson,2010-08-03,2,1
Saree,Mitrovic,2018-11-04,1,2
Arlette,Muddicliffe,2015-09-08,1,3
Lorens,Swalteridge,2014-03-19,1,3
Rodina,Longson,2016-01-30,2,2
Baillie,Larner,2018-01-19,1,1
Dani,Deppe,2017-06-01,1,2
Gretta,Este,2014-09-26,2,3
Noellyn,Lloyds,2012-02-15,2,2
Biddy,Layman,2010-09-18,1,3
Edeline,Bent,2017-08-30,2,3
Chrissie,Edson,2018-01-08,1,1
Fremont,Baudou,2012-08-03,1,2
Jozef,Zambonini,2015-11-20,1,3
Ashlen,Juggins,2016-10-07,1,2
Joella,Hesser,2014-01-17,1,3
Alanson,Ackred,2016-01-05,1,1
Bea,Elton,2016-08-14,1,1
Lira,Drysdall,2013-11-17,1,3
Merla,Calender,2014-03-08,2,2
Hank,Baurerich,2015-09-01,2,3
Norry,Queyos,2017-03-16,1,1
Misha,Leppington,2017-07-30,1,1
Edwina,Woller,2015-10-21,1,3
Carey,Searle,2019-03-23,1,1
Boris,Sambell,2019-12-10,2,3
Kakalina,Bysaker,2010-12-28,1,3
Jeramey,Boutell,2018-10-16,1,2
Annmarie,Cabell,2013-10-22,2,1
Rex,Bellows,2011-08-13,2,2
Jemmie,Tynnan,2016-03-21,1,1
Killy,Dmitr,2016-07-10,2,3
Felicio,Padefield,2013-11-26,1,2
Lynnea,Dorning,2015-06-17,1,3
Carey,Vokins,2011-03-27,2,2
Morgen,Southern,2010-07-03,1,1
Genny,Bonavia,2016-11-07,2,3
Lion,Hannen,2018-05-22,1,1
Shayla,Copcott,2011-08-15,2,3
Berna,Phoebe,2014-06-08,1,3
Chantal,Monnery,2018-05-14,1,3
Burl,Franzini,2011-06-26,2,3
Dorice,Jameson,2012-02-06,2,1
Kathryne,Prestner,2011-04-22,1,2
Jo ann,Natwick,2016-02-11,1,3
Teresita,Shemmin,2020-01-19,2,1
Glenn,Wookey,2019-12-15,2,3
Felicio,Isakov,2014-06-27,2,2
Sal,Liverock,2018-01-29,2,1
Jess,Spondley,2019-06-19,1,2
Haslett,Leete,2016-08-01,1,2
Moises,Jaquin,2012-02-11,1,2
Sigmund,Drever,2015-06-20,1,2
Wally,Godspede,2012-08-10,1,3
Matthieu,Currey,2014-04-15,1,1
Mariska,Moran,2014-03-06,1,3
Jobye,Vondrak,2012-06-22,1,1
Meredeth,Trenoweth,2013-02-15,1,3
Binky,Mugford,2012-12-23,2,2
Lucienne,Paddell,2013-08-07,1,2
Berte,Westwater,2016-01-13,2,1
Kerrin,Glencrosche,2012-01-20,2,2
Pail,Garr,2016-05-22,2,3
Nevin,Tuite,2015-06-04,1,3
Garvy,Bolesma,2018-09-29,1,1
Julianne,Davern,2013-05-14,2,1
Con,McGeffen,2018-10-12,2,2
Tani,Jorden,2016-07-02,2,2
Gloriana,Praten,2017-04-13,2,3
Dawna,Stothart,2019-09-12,2,2
Shelly,Cossington,2019-07-15,1,1
Lucretia,Vasse,2017-03-02,2,3
Grover,Giveen,2017-07-24,1,1
Gregoor,Livezey,2018-03-19,1,2
Dorian,Birtwistle,2019-04-24,2,2
Bev,Siverns,2011-04-18,2,1
Worthy,Goolden,2011-05-28,2,1
Pamelina,Tschirasche,2014-08-29,2,3
Winfred,Muat,2020-01-14,1,3
Lilian,Coughlin,2015-07-23,1,2
Odelle,Luce,2013-03-16,1,2
Jard,Cattermoul,2019-07-27,1,3
Delila,Harrap,2019-04-22,2,3
Ansel,McGing,2018-01-02,2,1
Viki,Cardew,2019-10-21,1,1
Raimondo,Di Lucia,2015-10-27,1,2
Emelina,Garforth,2019-05-03,2,3
Mahmoud,Breche,2011-12-03,2,3
Kenon,Vowell,2013-07-18,2,1
Dwight,Weild,2018-02-18,2,3
Gavin,Cothey,2015-10-21,2,2
Gillian,Johansen,2012-08-14,2,3
Godfry,Nickels,2015-02-02,1,3
Vitia,Elks,2017-09-26,2,1
Shanon,MacKeague,2017-01-17,1,1
Olenolin,Whear,2018-03-25,2,3
Moss,Michiel,2015-01-18,2,2
Sam,Leverington,2015-09-24,1,3
Aurel,Records,2018-06-21,1,1
Rowney,Squelch,2011-04-24,1,1
Erie,Credland,2015-12-27,1,2
Cornelia,Ricold,2014-07-14,1,2
Adriana,Conelly,2018-03-01,1,3
Sigismond,Retter,2010-10-29,2,1
Ambrosi,MacCall,2013-03-18,1,3
Lemmie,Hatherley,2010-10-25,1,3
Hanna,Cabrales,2013-07-14,1,3
Anallise,Peddie,2019-09-26,2,1
Margalo,Nussen,2018-04-03,2,2
Ethyl,Harverson,2019-08-21,1,1
Karlan,Buffham,2018-02-18,1,1
Monti,Michell,2015-03-06,2,3
Alfons,Schaumann,2017-07-02,2,1
Novelia,Woodrup,2015-03-13,2,2
Kyle,Gregson,2015-10-21,2,2
Guinevere,Woolis,2010-06-15,1,3
Cecelia,Manass,2014-09-21,2,2
Franny,Nelhams,2016-07-31,1,2
Darice,Hempshall,2018-11-24,1,3
Tawnya,Upstone,2012-03-30,2,1
Felicle,Nobriga,2012-02-21,1,3
Sansone,Birchner,2012-01-24,1,3
Toma,Duesberry,2010-07-22,2,3
Tory,Carlyle,2018-04-12,2,1
Anna,Gartshore,2013-07-31,1,3
Janine,Kassman,2019-05-30,1,3
Clarette,Leckey,2013-03-11,2,2
Doro,Higounet,2014-11-22,1,2
Gradey,Colton,2017-09-04,2,3
Berny,Gilbane,2017-04-16,2,1
Miran,Maplestone,2017-01-06,1,3
Iormina,Vannini,2015-10-10,1,1
Daisie,Grimmert,2015-03-30,1,1
Daveen,Chatto,2019-11-23,1,3
Wolfy,Blogg,2014-01-24,2,2
Clari,Barbier,2018-05-13,1,1
Adiana,Pixton,2014-10-14,1,3
Elna,Elby,2019-04-08,2,3
Camala,Saiger,2013-10-28,1,3
Tobin,Seide,2013-03-03,2,2
Car,Cattermoul,2013-01-19,1,3
Rockey,Fulkes,2014-10-25,2,2
Marsha,Gambell,2012-09-15,2,2
Melodie,Novacek,2013-02-26,2,2
Harvey,Fernez,2016-07-22,1,3
Amye,McCombe,2013-07-28,1,2
Madlen,Conybear,2019-11-19,1,1
Sullivan,Steade,2013-04-22,1,2
Jacquetta,Triggle,2017-12-13,1,2
Pamelina,O'Kieran,2015-08-05,2,1
Leoline,Rookwell,2015-09-11,1,1
Pavel,Delwater,2018-09-20,2,1
Neil,Pasquale,2014-03-31,2,3
Marvin,Dripps,2012-04-04,1,2
Larry,Retchless,2016-06-29,1,3
Reynold,Vedenyapin,2010-03-15,1,1
Cart,Dwyr,2011-01-14,2,2
Marti,Antonescu,2017-09-22,1,1
Cos,Bolden,2019-02-12,1,1
Phyllida,Barlie,2012-03-22,1,2
Corbett,Pavlasek,2013-08-25,1,2
Nannette,Philipsson,2010-12-17,2,3
Else,Oldcote,2013-04-29,1,3
Kermy,Rablan,2017-05-16,1,2
Anneliese,Gjerde,2010-07-14,1,2
Thurston,Killner,2015-12-23,2,1
Alisander,Swynfen,2014-09-27,2,1
Winny,O'Halleghane,2010-05-21,2,2
Henderson,Hounsham,2015-07-05,1,3
Aubert,Greeno,2018-05-19,1,1
Benji,Beddie,2017-11-03,1,1
Lin,Eul,2014-03-19,2,3
Germana,Mastrantone,2017-03-11,2,1
Melodee,Whitta,2012-01-03,2,2
Jackie,Feathersby,2012-09-06,1,1
Inglis,Valde,2011-05-25,1,3
Cole,Burbury,2017-12-31,2,1
Randene,Szimon,2010-09-30,2,2
Hurley,Mackro,2018-02-01,2,3
Red,Dan,2011-03-19,2,2
Delly,Maher,2010-03-04,2,3
Etan,Oddboy,2011-07-09,2,2
Barron,Brown,2017-05-08,1,1
Christoph,McGookin,2017-08-20,2,1
Fifine,Dillinger,2010-05-31,2,2
Maiga,Merrikin,2018-04-05,1,2
Iggy,Petworth,2016-03-20,2,3
Charil,Bennet,2010-02-07,2,3
Aubrey,Bernardez,2015-08-07,1,1
Jemie,Lindl,2013-12-10,2,2
Pia,Pendered,2017-07-14,2,1
Shayla,Scrancher,2012-12-05,1,3
Elihu,Lashford,2015-11-06,1,3
Emmi,Durling,2014-10-21,2,1
Horten,Creer,2015-02-11,2,3
Harrison,Feldstern,2019-06-28,1,2
Sadie,Parkinson,2019-04-01,2,3
Ninon,Pulham,2017-09-11,2,3
Sam,Simper,2016-02-03,1,2
Bren,Henkens,2012-10-14,1,1
Fonzie,Attree,2016-08-28,1,2
Brewster,Storcke,2010-09-14,2,3
Jacqueline,Bollum,2012-04-05,1,2
Lena,Daveridge,2017-01-11,2,3
Harlen,Ludmann,2018-09-04,2,3
Farrand,Mc Caughen,2010-10-27,2,2
Edouard,Falla,2011-08-25,1,3
Rebekah,Muff,2018-09-27,2,3
King,Verriour,2011-07-29,2,1
Boigie,Alleway,2018-10-21,2,1
Clayborn,Lightbourn,2011-09-18,1,2
Trista,Rawlinson,2018-08-21,2,3
Melvyn,Turone,2018-03-03,2,2
Sarge,Tombling,2017-06-19,1,1
Beatrisa,Kilmary,2016-12-08,2,3
Aron,Messiter,2014-01-07,2,3
Neron,Klimkiewich,2018-10-10,2,1
Daniel,Pool,2016-03-13,1,1
Bree,Kelson,2014-01-10,1,2
Hulda,Lailey,2012-01-03,2,3
Willyt,Pretsell,2015-04-12,2,2
Jill,Kernar,2011-05-23,2,3
Court,Bau,2015-05-19,2,1
Giffer,Elward,2018-09-14,2,2
Ransom,Simione,2016-02-06,1,2
Merrile,Zeal,2011-06-29,1,1
Grissel,Dimmer,2012-12-19,2,1
Chic,Atcock,2016-05-13,1,1
Cornie,Pipping,2012-02-15,1,1
Theo,Morrell,2016-09-18,2,2
Broddy,Moylane,2011-01-12,1,3
Nessi,Charlot,2015-12-09,1,1
Fergus,Rashleigh,2019-12-12,1,1
Arvin,Smout,2014-06-18,1,3
Cory,Axcel,2015-10-19,1,2
Daffy,Bridat,2012-04-24,1,1
Marleen,Bruty,2018-04-30,1,1
Enoch,Lornsen,2019-10-05,1,3
Delila,Gummer,2019-12-07,2,1
Jamil,Turnbull,2019-07-23,1,3
Ichabod,Aseef,2014-06-11,1,1
Gardiner,Janczak,2015-03-16,1,3
Ricki,Stainton,2019-06-15,2,1
Helenelizabeth,Oager,2015-12-17,2,1
Tori,Vosse,2011-06-30,1,1
Eilis,Shields,2011-10-18,2,2
Tremaine,Stelfax,2015-12-04,1,2
Gloria,Hewins,2016-12-13,2,3
Silvan,Nassie,2013-11-29,1,2
Abigael,Slatcher,2013-04-28,1,2
Wilhelmina,Rubanenko,2010-05-23,2,2
Daphne,Goodread,2015-03-12,1,3
Lydia,Lipman,2018-07-13,2,2
Dannie,Avrahamy,2015-04-13,1,2
Joane,Halhead,2015-04-12,1,3
Moreen,Eisak,2011-04-10,2,2
Lynnett,Buxsy,2012-03-08,2,2
Brad,Gellion,2017-05-21,2,2
Germain,Quaintance,2017-04-29,1,1
Skip,Mellodey,2015-02-23,1,1
Ellerey,Rilston,2012-06-26,2,1
Gianina,Steane,2018-09-14,2,3
Wheeler,Thresh,2013-01-04,1,1
Marcellus,Macrae,2011-06-23,1,1
Darb,Yashaev,2016-05-08,2,1
Irv,Foister,2014-02-15,2,2
Kaile,Nelle,2013-12-06,1,1
Sergei,Macy,2011-01-04,2,2
Stephani,Beccero,2012-10-19,1,1
Georgia,Joincey,2013-09-04,1,3
Timofei,Musicka,2012-04-28,2,2
Janie,Pyford,2011-04-21,1,3
Hally,Lampens,2013-09-01,1,2
Kaine,McPhelim,2011-04-01,1,2
Rab,Sutherley,2010-03-06,2,1
Paco,Ambrogioli,2012-11-13,2,2
Suzann,Wyborn,2013-09-09,1,2
Rodina,Shilstone,2017-06-18,2,1
Darryl,Vasyukhnov,2011-01-20,1,2
Chick,Rooze,2011-04-12,1,2
Tina,O'Roan,2013-01-10,1,2
Napoleon,Simeonov,2011-09-10,2,2
Eldon,Lloyds,2010-11-27,1,2
Courtnay,Critch,2014-12-12,1,2
Salmon,Paprotny,2017-08-24,1,3
Nadya,Klimkov,2016-05-16,1,2
Lanny,Gilcrist,2011-06-05,2,1
Joela,Finneran,2011-10-01,2,1
Elberta,Kingswood,2011-05-28,2,1
Garwood,Skey,2018-03-08,1,2
Doug,Bowkley,2016-09-27,1,1
Shelby,Agdahl,2017-10-14,1,2
Filippo,Stiggles,2012-12-30,1,3
Carolynn,Plak,2016-09-30,2,3
Floria,O'Heneghan,2019-03-31,1,3
Vinni,Kilduff,2014-03-02,1,1
Garth,Heck,2017-01-31,1,3
Joellen,Ritchard,2010-12-06,1,2
Hans,Muschette,2013-08-02,1,2
Lockwood,Vargas,2018-04-21,1,1
Law,Wellbelove,2013-01-23,1,1
Gusta,Cicci,2017-08-25,2,3
Garret,Gillbey,2012-03-20,1,3
Augustine,Asee,2017-04-18,1,1
Isa,Minards,2012-11-10,2,3
Betsy,Currell,2014-02-09,1,2
Nancy,Onyon,2017-11-29,1,2
Phyllys,Devons,2019-01-16,1,3
Rici,Amorine,2018-02-28,1,1
Arleta,O'Keenan,2018-06-09,2,3
Franklin,Brownell,2014-04-27,2,2
Kevon,Este,2013-12-23,1,2
Delcina,Jackson,2013-01-13,2,1
Trudie,O'Shavlan,2013-10-20,1,2
Mara,Dunbobbin,2019-06-28,1,1
Wendi,Gooday,2011-10-10,2,2
Theodore,Brettor,2018-11-16,1,2
Samuel,Verne,2012-10-25,1,1
Ellissa,McGoogan,2019-03-21,2,1
Dyan,Messier,2010-11-05,2,1
Morse,Paulich,2011-10-10,1,3
Nester,Padbery,2018-07-12,1,3
Sunshine,Ridehalgh,2010-08-26,1,2
Theda,O' Hern,2011-07-10,1,2
Egan,Ruffli,2019-06-19,1,3
Gerick,Rustidge,2010-07-19,1,1
Read,Sorbie,2014-04-12,2,3
Felipa,Gledhill,2018-11-04,2,3
Celia,Pfeiffer,2017-09-22,1,2
Vincent,Antonacci,2015-02-08,1,2
Pamela,Bridgewood,2019-04-12,2,3
Blaine,Gudgin,2019-06-26,1,1
Sher,Burhill,2014-05-16,1,1
Orsola,Worsfold,2014-02-08,2,3
Cleopatra,Mattingson,2013-03-30,1,1
Mora,Ruslin,2015-06-09,2,2
Katy,Sherr,2019-09-03,1,1
Joelynn,Obal,2014-04-07,1,3
Debi,Hayesman,2018-06-09,2,2
Reeva,Bowers,2011-10-09,2,2
Cleo,Guilder,2011-06-27,1,2
Alameda,Dockrey,2017-01-11,2,3
Matias,O'Kieran,2015-12-01,1,3
Derry,Linnemann,2017-11-11,1,3
Daniela,Tie,2011-01-15,2,2
Ryley,Feltoe,2018-12-22,1,1
Ada,Lillgard,2018-12-31,1,3
Rodolphe,McMenamy,2011-09-21,2,2
Bob,Gildersleeve,2015-08-05,1,1
Urbain,Toby,2012-06-24,1,3
Sukey,Staddon,2011-11-25,1,1
Odelia,Harmond,2011-05-28,1,2
Marcos,Sweatland,2012-10-12,2,3
Leonhard,Rackley,2011-04-21,2,3
Coreen,Natalie,2014-07-22,2,2
Rayshell,Broadstock,2013-06-04,1,2
Katee,Mathiot,2011-10-14,2,2
Alasteir,Gammons,2013-11-15,2,2
Daphna,Cochrane,2013-11-03,2,1
Kristi,De la Yglesia,2011-01-07,1,1
Carmencita,Rustan,2019-08-09,2,2
Sonny,Gigg,2013-08-05,2,1
Garvy,Cockney,2015-05-06,2,2
Krisha,Trees,2019-06-18,1,3
Celene,Maslen,2010-12-17,2,1
Udale,Cragoe,2019-10-26,1,1
Collen,Emsden,2019-10-23,1,2
Cori,Edgehill,2013-12-10,1,3
Irita,Hedworth,2015-03-14,2,3
Darice,Feronet,2017-05-17,1,1
Denice,Ratley,2018-11-20,2,2
Iago,Cosin,2016-08-28,1,2
Niccolo,Pinnington,2017-07-26,2,2
Benedetto,Gorsse,2010-12-02,2,3
Aloise,Filipov,2011-05-31,2,3
Boycie,Denty,2011-06-11,2,1
Silvana,Walder,2016-05-31,2,2
Jillayne,Nutty,2014-09-21,1,1
Torey,Wackley,2014-12-21,2,2
Geri,Friary,2014-12-27,2,1
Mala,Moorton,2018-10-30,1,3
Deloria,Spriggs,2018-07-07,2,1
Tab,Hackworthy,2016-04-03,1,1
Mikkel,Feeny,2014-06-07,1,2
Tabby,Hugenin,2015-05-13,1,1
Chelsae,Beeching,2019-05-27,1,2
Marcus,Wenger,2011-05-28,2,2
Maisey,Lamort,2011-09-06,2,1
Yoshi,Crowthe,2016-02-16,1,1
Raynell,Guerro,2016-01-22,1,1
Damien,Farloe,2014-11-18,2,1
Carver,Sidon,2018-05-10,2,1
Loella,Forster,2018-05-21,2,3
Janelle,Toy,2017-12-15,2,1
Percy,Franca,2015-11-05,2,3
Zilvia,Sawdy,2013-02-01,1,2
Jayme,Gillingwater,2016-04-06,1,1
Davie,Van Zon,2016-11-02,1,2
Tonnie,Targe,2013-04-18,1,2
Forster,Catherine,2016-09-26,2,2
Alessandra,Silburn,2014-10-31,1,3
Chantal,Gwioneth,2019-07-10,1,3
Linda,Worboy,2015-02-06,1,1
Gretta,Kenset,2017-04-22,2,2
Catlaina,Dell Casa,2019-02-19,1,1
Manya,Elgey,2015-02-05,1,2
Ceil,Lemerle,2015-06-19,1,2
Leila,Ryles,2017-02-25,1,3
Shelli,Whiting,2016-12-23,1,2
Nona,Petegrew,2018-03-16,2,3
Nessa,Halfhide,2016-12-20,1,3
Banky,MacCostigan,2018-08-23,2,3
Ginger,Pinock,2016-02-24,1,3
Davina,Turgoose,2012-04-19,1,2
Ericka,Ashborn,2017-03-31,2,3
Coop,McAlinden,2017-06-17,2,3
Deb,Babst,2013-06-10,2,1
Antons,Dawidowitsch,2018-06-10,1,2
Elizabeth,McGraw,2019-12-22,1,3
Claudette,Brunesco,2017-10-03,1,1
Claudette,Machans,2010-04-04,1,3
Oates,Sponder,2015-05-05,2,1
Morse,Beamson,2017-04-10,2,3
Percy,Mattisssen,2017-02-27,2,3
Ida,Radden,2013-06-07,2,3
Bette,Shubotham,2013-08-15,2,3
Vivie,Fawckner,2019-07-08,1,2
Tanhya,Sizland,2010-10-30,2,3
Marlene,Siehard,2016-02-24,2,1
Meredith,Vassie,2010-10-01,1,3
Martynne,Trower,2017-01-24,1,2
Glori,Lipmann,2018-06-11,1,1
Yanaton,Iianon,2013-03-01,1,2
Erica,Gaffer,2017-03-26,2,1
Talya,Bontoft,2012-04-29,1,1
Leonerd,Dudden,2012-06-10,2,1
Lilia,Shurey,2014-03-29,2,3
Chase,Cain,2017-12-24,2,2
Myra,Catterall,2014-12-12,1,1
Greg,Aslet,2018-10-14,1,3
Rhetta,Reeve,2015-02-20,1,3
Berri,Valadez,2013-12-11,1,2
Armando,Elsip,2019-02-28,1,2
Augie,Bothram,2016-01-25,2,3
Daniella,Fairbourne,2012-09-11,2,2
Carleen,Extill,2010-05-02,1,2
Keriann,Ebbage,2018-06-15,1,1
Elissa,Duplock,2013-02-02,2,3
Rogers,Longcaster,2012-09-20,1,3
Miranda,Sapey,2015-10-11,2,3
Winona,McGready,2011-04-06,2,3
Kathryne,Tunney,2012-01-31,1,1
Jervis,Hukin,2011-06-29,1,1
Leela,Chatburn,2012-07-19,1,3
Nikos,Marle,2014-05-07,1,1
Ulrike,Safe,2013-05-26,1,3
Ailis,Curran,2013-09-20,2,3
Yoshi,Strahan,2012-06-18,2,2
Jemmie,Cowie,2016-01-17,2,1
Jeannine,Le Houx,2019-09-03,2,2
Dulci,Munkley,2017-01-07,2,2
Chucho,Vobes,2017-11-12,1,3
Kath,Scheu,2014-09-12,1,1
Marcile,Corro,2019-03-22,1,3
Jacquelyn,Kinkaid,2013-06-15,1,2
Seward,Tithacott,2019-11-08,1,1
Hilarius,Spanswick,2018-02-04,1,3
Bryon,Grevile,2016-05-30,2,2
Ariela,Moland,2013-10-18,1,1
Chancey,Marzella,2017-12-15,1,3
Marcile,Hathway,2010-09-29,1,1
Marcile,Markwell,2018-03-31,2,2
Germayne,Pratten,2010-08-31,1,1
Meg,Crisall,2015-11-06,2,3
Guthrie,Tows,2019-03-04,2,1
Reeta,Etchingham,2019-07-17,2,2
Milty,Lahrs,2012-08-29,2,2
Marissa,Fossick,2013-03-15,2,2
Bendick,Sherrum,2014-09-07,2,2
Moll,Smaridge,2013-12-07,1,1
Joleen,Dungay,2017-04-26,2,3
Kay,Edden,2017-06-28,2,1
Charil,Giacopazzi,2019-05-17,2,3
Cherey,Crisford,2014-05-11,2,2
Angel,Carme,2012-07-01,2,2
Aland,Allcoat,2010-12-13,1,3
Ricki,Simko,2012-01-19,1,1
Philip,Swan,2012-11-29,1,3
Sheelagh,Mitskevich,2015-12-31,1,3
Patric,Devers,2010-02-10,2,3
Kristi,McPhelimy,2012-04-12,2,2
Thadeus,Warbeys,2011-07-26,2,2
Emlyn,Houlton,2013-03-05,1,1
Nellie,Brocket,2015-07-03,1,3
Elyssa,Gilks,2017-11-28,2,2
Maddy,Reveley,2010-05-27,1,3
Kevon,Dillet,2011-04-26,1,1
Margareta,Lerway,2012-07-04,2,1
Archaimbaud,Stirrup,2014-10-19,1,1
Lorin,Wayvill,2011-12-29,1,3
Joy,Addey,2010-02-07,1,2
Ginni,Tewes,2014-03-01,1,3
Gray,Chate,2014-07-26,1,2
Linn,Cossell,2016-10-22,1,1
Fern,Littleproud,2013-03-21,1,3
Rosabella,Wyllcock,2017-04-03,2,2
Geno,Gresser,2019-10-04,1,2
Letizia,Husband,2010-02-19,2,3
Bank,Lethem,2013-04-14,1,2
Tracey,Wayland,2016-03-27,1,2
Daffi,Ivanuschka,2015-07-19,2,2
Ardelis,Leamon,2014-04-11,2,3
Aggie,McVittie,2016-02-24,1,3
Simonette,Glassard,2019-11-14,2,1
Georgiana,Muschette,2018-05-30,1,3
Morry,Peris,2019-05-04,2,2
Fanechka,Shepherd,2014-10-19,1,2
Binni,Wartnaby,2018-09-24,1,3
Karel,Tilby,2013-02-04,1,1
Magda,Leve,2013-07-19,1,2
Ransom,Boig,2010-10-09,1,2
Davin,Renard,2016-11-10,1,3
Jacqueline,Annice,2010-03-14,1,2
Dixie,Stapylton,2014-09-04,1,1
Giselle,Lumsdale,2013-02-23,2,1
Silvan,Milberry,2019-12-22,2,3
Baryram,Loadsman,2015-03-25,2,3
Erhard,Meneely,2012-05-12,1,3
Clemmy,McKmurrie,2012-11-26,2,1
Clemence,Jindra,2019-01-31,1,2
Hiram,Kop,2018-02-28,1,1
Jacky,Pitblado,2016-09-19,1,1
Cyndi,Adam,2016-06-07,2,2
Jenica,Huzzay,2013-06-27,1,3
Moise,Blaskett,2015-03-09,2,1
Abe,Really,2016-12-19,2,3
Melisenda,Guiton,2018-08-24,1,1
Dewie,Malkinson,2017-12-13,2,1
Ellswerth,Nelane,2013-11-16,1,2
Port,Weond,2014-10-24,2,1
Alwin,Ox,2010-03-13,1,1
Leonore,Harkins,2016-12-03,1,2
Leigha,Larroway,2017-05-15,2,1
Rafaellle,Tither,2011-11-05,1,1
Kaine,Armatys,2016-02-02,1,1
Chere,Duesberry,2012-12-19,2,2
Cort,Charrington,2017-06-19,2,1
Kristy,Moroney,2017-10-11,1,3
Cordelie,Adams,2019-04-12,2,2
Ahmad,Nelle,2016-10-30,1,2
Myca,Longhirst,2012-07-09,1,3
Rosalie,De Morena,2015-03-04,2,3
Pandora,Eason,2013-12-15,2,1
Gusella,Hyde,2019-01-10,1,3
Jeromy,Puncher,2013-11-17,2,1
Netti,Crow,2012-03-21,2,2
Alvan,Talbot,2017-08-03,2,1
Connor,Di Biasi,2011-05-09,1,1
Marcellus,Raymen,2013-02-05,2,2
Benoite,Galilee,2012-07-27,2,1
Penn,Yegoshin,2018-01-02,1,3
Kaycee,Boreland,2017-03-29,1,3
Pavel,Shurrocks,2017-05-27,2,1
Dori,Filipovic,2016-01-08,2,3
Milicent,Jeeks,2019-07-24,2,3
Erwin,Morrice,2010-06-11,2,2
Benedicto,MacAdie,2010-03-21,2,3
Hamilton,Sleeford,2015-03-12,1,3
Cornie,Franek,2013-05-06,1,2
Ailbert,Ginnally,2019-04-17,2,1
Tracie,Gracewood,2010-04-01,1,1
Joshua,De Domenicis,2013-08-31,1,2
Aime,Vautrey,2017-08-16,1,1
Ky,Awcoate,2017-05-05,2,3
Bryant,Avent,2017-04-15,1,2
Alis,Plaster,2019-05-26,2,3
Silvia,Kubacek,2014-04-29,1,2
Kaycee,Whitewood,2014-01-13,1,1
Cleo,Huegett,2016-06-09,2,3
Farleigh,Sones,2012-07-29,1,1
Cindee,Wevell,2013-09-21,1,3
Marshal,Cocci,2016-08-04,1,3
Annora,Reichardt,2018-01-05,1,2
Noll,Fowlds,2014-10-28,2,3
Nancy,Gowanson,2018-05-13,2,1
Petrina,Bompas,2011-11-06,1,2
Kingsley,Lothean,2019-08-05,2,1
Granger,Peachman,2012-12-04,2,3
Towny,Orrill,2011-05-24,2,2
Delmer,Cattermull,2014-12-03,2,1
Beulah,Ralling,2015-11-24,2,2
Yasmeen,Barney,2018-04-28,1,3
Sascha,Gabel,2012-06-27,1,1
Alicea,Yukhnevich,2011-06-28,1,1
Garrick,O'Howbane,2010-05-13,1,2
Ingaborg,Borrie,2019-12-06,1,3
Rad,Tebbut,2018-01-28,2,2
Dix,Euels,2011-02-27,1,3
Sheela,Goby,2014-02-09,1,2
Terry,Crutcher,2012-05-06,1,3
Jane,Olman,2019-02-07,1,1
Ophelie,Patesel,2011-10-19,2,3
Annabel,Nunnerley,2013-05-16,1,2
Demetris,Jaan,2017-09-07,2,1
Jess,Grinaway,2010-03-17,1,3
Kane,Whinney,2018-04-23,1,3
Rickard,Axtens,2011-10-10,2,2
Dawna,Hattam,2019-03-25,2,2
Nerta,Jewer,2012-03-21,2,3
Marley,Dechelette,2012-09-13,1,2
Hinda,Traice,2011-08-25,2,3
Engracia,Worden,2010-12-26,2,1
Myrta,Fennick,2017-11-21,2,1
Alejandrina,Blunsden,2019-09-06,2,2
Ashley,Dalton,2017-03-03,1,3
Aida,Blueman,2013-09-24,1,1
Philbert,Glaysher,2014-04-02,2,3
Murray,Blaksley,2010-03-28,2,1
Nico,Stockwell,2012-09-25,2,3
Tallia,Connelly,2017-12-27,2,3
Bettine,Garn,2017-05-09,2,3
Robby,Pattillo,2015-09-02,2,2
Chan,Hughill,2012-02-21,2,2
Muriel,Luxen,2010-02-15,2,3
Katy,Fendlen,2013-04-03,2,1
Mauricio,Prattington,2012-09-03,1,2
Richardo,Birtles,2010-05-23,1,3
Augustine,Windrass,2015-11-12,1,3
Jarib,Dossantos,2011-06-10,1,3
Adela,Blurton,2010-10-27,2,1
Wilhelm,Giocannoni,2011-04-16,2,2
Alvin,Connal,2015-06-13,1,2
Rurik,Butters,2019-01-06,1,2
Eamon,Jenk,2015-11-28,1,3
Mal,Redan,2019-11-10,2,2
Lombard,Grisdale,2015-04-16,1,1
Augustine,Christley,2017-04-26,1,1
Nance,Gribbon,2020-01-12,2,2
Carlita,Imm,2013-06-17,2,2
Ingaborg,Gillhespy,2014-12-21,1,1
Kaitlin,Hiscoe,2011-05-26,2,2
Candide,Goodlake,2018-07-13,2,3
Welch,Grace,2014-04-17,1,3
Mindy,Rubenfeld,2018-07-09,1,3
Skell,Stannah,2012-05-05,1,2
Rand,Crombleholme,2019-12-10,1,1
Wayland,Woollam,2018-10-29,1,2
Bale,Cotter,2014-10-01,2,1
Rafaello,Denman,2019-10-01,2,3
Rikki,Quaif,2017-09-08,1,3
Prisca,Cheine,2017-09-23,1,1
Gordon,Freiburger,2017-07-14,2,2
Bo,Flury,2016-12-10,2,2
Ricardo,Bonde,2011-05-01,2,2
Boy,Kupisz,2014-09-27,1,1
Alanah,Dallander,2014-12-15,1,3
Margarette,Teliga,2019-12-08,1,3
Chrissie,De La Salle,2013-10-09,1,2
North,Balassa,2015-12-14,1,1
Daveen,Standbrook,2018-05-21,2,3
Darrel,Blampy,2012-05-10,2,2
Broderic,McGeown,2015-04-18,2,1
Niels,Toulamain,2016-07-04,2,3
Rhodie,Whetnell,2018-01-04,1,3
Edan,Bullerwell,2017-05-11,1,2
Delinda,Brocklesby,2012-12-31,2,1
Damita,Thwaite,2017-10-27,2,2
Skipp,Brodway,2014-04-24,1,1
Ema,Rumke,2013-03-17,2,1
Eadith,Shortcliffe,2012-03-10,2,3
Hunter,Budgen,2013-02-22,1,1
Theo,Garnsey,2019-08-13,1,2
Kliment,Newell,2012-04-12,1,2
Linn,Dallywater,2017-12-25,1,1
Drake,Antognazzi,2015-09-23,2,3
Matt,Cheeld,2018-08-07,1,3
Jaye,Blinkhorn,2011-02-16,1,3
Pierre,Trimble,2016-08-13,2,1
Cirilo,Matusson,2016-02-21,1,1
Fallon,Belfrage,2015-03-10,2,2
Tiphani,Harrap,2012-05-04,2,1
Wernher,Olivo,2010-11-27,2,1
Tom,Elven,2011-10-12,1,2
Ashby,Robjohns,2010-09-13,1,2
Derk,Ervine,2017-03-27,1,1
Cam,Allin,2013-02-11,1,3
Cornie,Bottrell,2019-12-11,1,1
Halli,Koppelmann,2016-04-14,1,2
Yvette,Dougal,2013-05-27,1,1
Marcile,Pestor,2013-11-02,1,3
Pinchas,Fermin,2015-02-04,2,3
Amelia,Claesens,2017-08-30,1,2
Emelita,Cleve,2016-05-26,2,1
Rebbecca,Okill,2011-09-07,1,1
Roch,Doble,2012-09-01,2,3
Pavel,Haggie,2019-07-22,1,1
Laina,O'Luby,2019-06-06,1,2
Cora,Shills,2011-09-15,1,3
Camel,Vanyushkin,2011-06-29,1,3
Susanna,Roussell,2014-08-24,2,2
Percy,Idle,2012-01-28,1,2
Cleveland,Wilprecht,2016-01-04,2,2
Mozes,Larcier,2019-02-09,1,1
